-- phpMyAdmin SQL Dump
-- version 3.4.10.1deb1
-- http://www.phpmyadmin.net
--
-- Host: localhost
-- Generation Time: Apr 10, 2014 at 04:00 PM
-- Server version: 5.5.34
-- PHP Version: 5.3.10-1ubuntu3.9

SET SQL_MODE="NO_AUTO_VALUE_ON_ZERO";
SET time_zone = "+00:00";


/*!40101 SET @OLD_CHARACTER_SET_CLIENT=@@CHARACTER_SET_CLIENT */;
/*!40101 SET @OLD_CHARACTER_SET_RESULTS=@@CHARACTER_SET_RESULTS */;
/*!40101 SET @OLD_COLLATION_CONNECTION=@@COLLATION_CONNECTION */;
/*!40101 SET NAMES utf8 */;

--
-- Database: `riskgame`
--

-- --------------------------------------------------------

--
-- Table structure for table `accounts`
--

CREATE TABLE IF NOT EXISTS `accounts` (
  `memberid` int(150) NOT NULL AUTO_INCREMENT,
  `username` varchar(25) NOT NULL,
  `password` varchar(32) NOT NULL,
  `lastlogin` timestamp NOT NULL DEFAULT CURRENT_TIMESTAMP ON UPDATE CURRENT_TIMESTAMP,
  PRIMARY KEY (`memberid`)
) ENGINE=InnoDB  DEFAULT CHARSET=latin1 AUTO_INCREMENT=10 ;

--
-- Dumping data for table `accounts`
--

INSERT INTO `accounts` (`memberid`, `username`, `password`, `lastlogin`) VALUES
(3, 'kjevo', '71cbf8bbd443d1746fc1334fe36a2fc6', '2014-04-10 12:22:12'),
(4, 'username', '5f4dcc3b5aa765d61d8327deb882cf99', '2014-04-10 12:23:41'),
(5, 'poop', 'a9aedc6c39f654e55275ad8e65e316b3', '2014-03-17 19:01:44'),
(6, 'poop2', 'a9aedc6c39f654e55275ad8e65e316b3', '2014-03-17 19:02:24'),
(7, 'leraar', '71cbf8bbd443d1746fc1334fe36a2fc6', '2014-03-24 08:04:33'),
(8, 'jos', '84e576a38922e4459d15cdc16b83f337', '2014-04-02 14:01:05'),
(9, 'Witwerts', '7cf2db5ec261a0fa27a502d3196a6f60', '2014-04-08 17:49:39');

-- --------------------------------------------------------

--
-- Table structure for table `beurt_text`
--

CREATE TABLE IF NOT EXISTS `beurt_text` (
  `gameid` int(150) NOT NULL,
  `beurt` int(10) NOT NULL,
  `text` varchar(999) NOT NULL
) ENGINE=InnoDB DEFAULT CHARSET=latin1;

-- --------------------------------------------------------

--
-- Table structure for table `gamememberids`
--

CREATE TABLE IF NOT EXISTS `gamememberids` (
  `gameid` int(150) NOT NULL,
  `memberid` int(150) NOT NULL,
  `personal_game_id` int(1) NOT NULL,
  `finished` int(1) NOT NULL,
  `gamememberidsid` int(150) NOT NULL AUTO_INCREMENT,
  PRIMARY KEY (`gamememberidsid`)
) ENGINE=InnoDB  DEFAULT CHARSET=latin1 AUTO_INCREMENT=83 ;

--
-- Dumping data for table `gamememberids`
--

INSERT INTO `gamememberids` (`gameid`, `memberid`, `personal_game_id`, `finished`, `gamememberidsid`) VALUES
(62, 3, 0, 1, 78),
(62, 4, 1, 1, 79),
(64, 3, 0, 0, 81);

-- --------------------------------------------------------

--
-- Table structure for table `games`
--

CREATE TABLE IF NOT EXISTS `games` (
  `gameid` int(150) NOT NULL AUTO_INCREMENT,
  `beurt` int(10) NOT NULL,
  `finished` int(1) NOT NULL,
  `amount_of_players` int(1) NOT NULL,
  `player_count` int(1) NOT NULL,
  PRIMARY KEY (`gameid`)
) ENGINE=InnoDB  DEFAULT CHARSET=latin1 AUTO_INCREMENT=65 ;

--
-- Dumping data for table `games`
--

INSERT INTO `games` (`gameid`, `beurt`, `finished`, `amount_of_players`, `player_count`) VALUES
(62, 44, 1, 2, 2),
(64, 0, 0, 2, 1);

-- --------------------------------------------------------

--
-- Table structure for table `moves`
--

CREATE TABLE IF NOT EXISTS `moves` (
  `moveid` int(150) NOT NULL AUTO_INCREMENT,
  `gameid` int(150) NOT NULL,
  `memberid` int(150) NOT NULL,
  `beurt` int(10) NOT NULL,
  `versterking` varchar(100) NOT NULL,
  `selecthm` int(2) NOT NULL,
  `sourceland` int(2) NOT NULL,
  `targetland` int(2) NOT NULL,
  PRIMARY KEY (`moveid`)
) ENGINE=InnoDB  DEFAULT CHARSET=latin1 AUTO_INCREMENT=141 ;

--
-- Dumping data for table `moves`
--

INSERT INTO `moves` (`moveid`, `gameid`, `memberid`, `beurt`, `versterking`, `selecthm`, `sourceland`, `targetland`) VALUES
(13, 62, 4, 1, '11;11;11;11;11;11;11;10;10;10;10;10;10;10;10;10;10;8;7;3;3;4;4;6;6;7;8;8;8;8;8;8;8;8;8;4;3;7;7;7;7;7', 8, 11, 12),
(14, 62, 3, 1, '17;17;17;17;15;15;15;15;15;15;15;14;14;14;14;14;14;14;13;13;13;13;13;13;13;12;12;12;12;12;12;12;9;9;', 5, 17, 16),
(15, 62, 3, 2, '0;0;0', 4, 0, 1),
(16, 62, 4, 2, '3;3;3', 7, 3, 2),
(17, 62, 4, 3, '2;2;2', 7, 2, 1),
(18, 62, 3, 3, '1;1;1', 8, 1, 2),
(19, 62, 3, 4, '0;0;0', 3, 0, 1),
(20, 62, 4, 4, '2;2;2', 2, 2, 1),
(21, 62, 4, 5, '2;2;2', 2, 2, 1),
(22, 62, 3, 5, '1;1;1', 6, 1, 2),
(23, 62, 3, 6, '0;0;0', 3, 0, 32),
(24, 62, 4, 6, '3;3;3', 3, 3, 2),
(25, 62, 4, 7, '2;2;2', 4, 2, 1),
(26, 62, 3, 7, '5;5;5', 4, 5, 4),
(29, 62, 4, 8, '1;1;1', 2, 1, 0),
(30, 62, 3, 8, '9;9;9', 6, 9, 5),
(31, 62, 3, 9, '5;5;5', 9, 5, 4),
(32, 62, 4, 9, '7;7;7', 11, 7, 14),
(33, 62, 3, 10, '15;15;15', 11, 15, 14),
(34, 62, 4, 10, '6;6;6', 6, 6, 5),
(35, 62, 4, 11, '8;8;8;8;8', 16, 8, 9),
(36, 62, 3, 11, '13;13;13', 11, 13, 16),
(37, 62, 4, 12, '39;39;39;39;39', 6, 39, 38),
(38, 62, 3, 12, '12;12;12', 5, 17, 19),
(39, 62, 4, 13, '39;39;39;39;39', 5, 39, 38),
(40, 62, 3, 13, '16;16;16', 4, 16, 18),
(41, 62, 3, 14, '21;21;21', 4, 21, 20),
(42, 62, 4, 14, '11;11;11;11;11', 13, 11, 12),
(43, 62, 4, 15, '11;11;11;0;0', 3, 11, 12),
(44, 62, 3, 15, '24;24;24;24;24;24;24', 8, 24, 23),
(45, 62, 4, 16, '11;11;11;11;11', 5, 11, 12),
(46, 62, 3, 16, '28;28;28;28;28;28;28;28;28;12', 10, 28, 27),
(47, 62, 3, 17, '41;41;41;41;41;41;41;41;41;14', 10, 41, 40),
(48, 62, 4, 17, '0;0;0;0;0', 7, 0, 32),
(49, 62, 4, 18, '0;0;0;0;0', 5, 0, 32),
(50, 62, 3, 18, '40;40;40;40;40;40;40;40;40;40', 10, 40, 39),
(51, 62, 3, 19, '39;39;39;39;39;39;39;39;39;39', 9, 39, 37),
(52, 62, 4, 19, '33;33;33;33;33', 6, 33, 32),
(53, 62, 3, 20, '26;26;26;26;26;26;26;26;26;26', 11, 26, 27),
(54, 62, 4, 20, '34;34;34;34;34', 1, 34, 29),
(64, 62, 3, 21, '14;14;14;14;14;14;14;14;13;13', 99, 99, 99),
(66, 62, 4, 21, '29;29;29;29;29', 99, 99, 99),
(67, 62, 4, 22, '0;0;0;0;0', 99, 99, 99),
(68, 62, 3, 22, '26;26;26;26;26;26;26;26;26;26', 99, 99, 99),
(69, 62, 3, 23, '13;13;13;13;13;13;13;13;13;13', 99, 99, 99),
(70, 62, 4, 23, '0;0;0;0;0', 99, 99, 99),
(71, 62, 4, 24, '0;0;0;0;0', 15, 0, 32),
(72, 62, 3, 24, '31;31;31;31;31;31;31;31;31;31', 11, 31, 32),
(73, 62, 3, 25, '13;13;13;13;13;13;13;13;13;13', 22, 13, 17),
(74, 62, 4, 25, '36;36;36;36;36', 99, 99, 99),
(75, 62, 3, 26, '17;17;17;17;17;17;17;17;17;17', 32, 17, 19),
(76, 62, 4, 26, '36;36;36;36;36', 99, 99, 99),
(77, 62, 3, 27, '19;19;19;19;19;19;19;19;19;19', 41, 19, 27),
(78, 62, 4, 27, '0;0;0;0;0', 99, 99, 99),
(79, 62, 3, 28, '26;26;26;26;26;26;26;26;26;26', 15, 26, 27),
(80, 62, 4, 28, '36;36;36;36;36', 99, 99, 99),
(81, 62, 3, 29, '14;14;14;14;14;14;14;14;14;13', 25, 14, 7),
(82, 62, 4, 29, '32;32;32;32;0', 12, 32, 31),
(83, 62, 3, 30, '26;26;26;26;26;26;26;26;26;26', 15, 26, 27),
(84, 62, 4, 30, '11;11;11;11;11', 99, 99, 99),
(85, 62, 3, 31, '26;26;26;26;26;26;26;26;26;26', 10, 26, 27),
(86, 62, 4, 31, '0;0;0;0;0', 99, 99, 99),
(87, 62, 3, 32, '28;28;28;28;28;28;28;28;28;28', 10, 28, 27),
(88, 62, 4, 32, '0;0;0;0;0', 99, 99, 99),
(89, 62, 3, 33, '19;19;19;19;19;19;19;19;19;19', 10, 19, 27),
(90, 62, 4, 33, '27;27;27;27;0', 99, 99, 99),
(91, 62, 3, 34, '28;28;28;28;28;28;28;28;28;28', 10, 28, 27),
(92, 62, 4, 34, '0;0;0;0;0', 99, 99, 99),
(93, 62, 3, 35, '28;28;28;28;28;28;28;28;28;28', 10, 28, 27),
(94, 62, 4, 35, '0;0;0;0;0', 99, 99, 99),
(95, 62, 4, 36, '0;0;0;0;0', 6, 31, 18),
(96, 62, 3, 36, '18;18;18;18;18;18;18;13;13;13', 8, 18, 30),
(97, 62, 4, 37, '32;32;32;32;32', 99, 99, 99),
(98, 62, 3, 37, '30;30;30;30;30;30', 12, 30, 29),
(99, 62, 3, 38, '19;19;19;19;19;19', 6, 19, 27),
(100, 62, 4, 38, '0;0;0;0;0', 99, 99, 99),
(101, 62, 3, 39, '16;16;16;16;16;16', 6, 16, 18),
(102, 62, 4, 39, '0;0;0;0;0', 99, 99, 99),
(103, 62, 3, 40, '35;35;35;35;35;35', 7, 35, 34),
(104, 62, 4, 40, '0;0;0;0;0', 99, 99, 99),
(133, 62, 3, 41, '13;13;13;13;13;13', 10, 13, 14),
(134, 62, 4, 41, '18;18;18;18;18', 6, 18, 30),
(135, 62, 4, 42, '18;18;18;18;18', 5, 18, 16),
(137, 62, 4, 43, '0;0;0;0;0', 52, 0, 1),
(138, 62, 3, 43, '14;14;14;14;14;13', 15, 14, 7);

-- --------------------------------------------------------

--
-- Table structure for table `posities`
--

CREATE TABLE IF NOT EXISTS `posities` (
  `positiesid` int(150) NOT NULL AUTO_INCREMENT,
  `gameid` int(150) NOT NULL,
  `beurt` int(10) NOT NULL,
  `versterking` varchar(50) NOT NULL,
  `eigenaar` varchar(500) NOT NULL,
  `hoeveelheidmannen` varchar(500) NOT NULL,
  PRIMARY KEY (`positiesid`)
) ENGINE=InnoDB  DEFAULT CHARSET=latin1 AUTO_INCREMENT=212 ;

--
-- Dumping data for table `posities`
--

INSERT INTO `posities` (`positiesid`, `gameid`, `beurt`, `versterking`, `eigenaar`, `hoeveelheidmannen`) VALUES
(89, 62, 1, '67;67', '0;0;0;1;1;0;1;1;1;0;1;1;0;0;0;0;1;0;1;1;1;0;0;1;0;0;0;1;0;1;1;0;1;1;1;0;1;1;0;1;1;0', '3;3;3;3;3;3;3;3;3;3;3;3;3;3;3;3;3;3;3;3;3;3;3;3;3;3;3;3;3;3;3;3;3;3;3;3;3;3;3;3;3;3'),
(93, 62, 2, '3;3', '0;0;0;1;1;0;1;1;1;0;1;1;0;0;0;0;1;0;1;1;1;0;0;1;0;0;0;1;0;1;1;0;1;1;1;0;1;1;0;1;1;0;', '3;3;3;6;6;3;5;10;13;5;13;10;10;10;10;10;3;7;3;3;3;3;3;3;3;3;3;3;3;3;3;3;3;3;3;3;3;3;3;3;3;3;'),
(98, 62, 3, '3;3', '0;0;1;1;1;0;1;1;1;0;1;1;0;0;0;0;1;0;1;1;1;0;0;1;0;0;0;1;0;1;1;0;1;1;1;0;1;1;0;1;1;0;', '2;7;6;2;6;3;5;10;13;5;13;10;10;10;10;10;3;7;3;3;3;3;3;3;3;3;3;3;3;3;3;3;3;3;3;3;3;3;3;3;3;3;'),
(99, 62, 4, '3;3', '0;0;1;1;1;0;1;1;1;0;1;1;0;0;0;0;1;0;1;1;1;0;0;1;0;0;0;1;0;1;1;0;1;1;1;0;1;1;0;1;1;0;', '2;2;1;2;6;3;5;10;13;5;13;10;10;10;10;10;3;7;3;3;3;3;3;3;3;3;3;3;3;3;3;3;3;3;3;3;3;3;3;3;3;3;'),
(100, 62, 5, '3;3', '0;0;1;1;1;0;1;1;1;0;1;1;0;0;0;0;1;0;1;1;1;0;0;1;0;0;0;1;0;1;1;0;1;1;1;0;1;1;0;1;1;0;', '2;5;1;2;6;3;5;10;13;5;13;10;10;10;10;10;3;7;3;3;3;3;3;3;3;3;3;3;3;3;3;3;3;3;3;3;3;3;3;3;3;3;'),
(103, 62, 6, '3;3', '0;0;0;1;1;0;1;1;1;0;1;1;0;0;0;0;1;0;1;1;1;0;0;1;0;0;0;1;0;1;1;0;1;1;1;0;1;1;0;1;1;0;', '2;2;1;2;6;3;5;10;13;5;13;10;10;10;10;10;3;7;3;3;3;3;3;3;3;3;3;3;3;3;3;3;3;3;3;3;3;3;3;3;3;3;'),
(106, 62, 7, '3;3', '0;0;1;1;1;0;1;1;1;0;1;1;0;0;0;0;1;0;1;1;1;0;0;1;0;0;0;1;0;1;1;0;0;1;1;0;1;1;0;1;1;0;', '2;2;3;2;6;3;5;10;13;5;13;10;10;10;10;10;3;7;3;3;3;3;3;3;3;3;3;3;3;3;3;3;3;3;3;3;3;3;3;3;3;3;'),
(120, 62, 8, '3;3', '0;1;1;1;1;0;1;1;1;0;1;1;0;0;0;0;1;0;1;1;1;0;0;1;0;0;0;1;0;1;1;0;0;1;1;0;1;1;0;1;1;0;', '2;1;2;2;1;2;5;10;13;5;13;10;10;10;10;10;3;7;3;3;3;3;3;3;3;3;3;3;3;3;3;3;3;3;3;3;3;3;3;3;3;3;'),
(121, 62, 9, '3;3', '1;1;1;1;1;0;1;1;1;0;1;1;0;0;0;0;1;0;1;1;1;0;0;1;0;0;0;1;0;1;1;0;0;1;1;0;1;1;0;1;1;0;', '2;2;2;2;1;8;5;10;13;2;13;10;10;10;10;10;3;7;3;3;3;3;3;3;3;3;3;3;3;3;3;3;3;3;3;3;3;3;3;3;3;3;'),
(122, 62, 10, '3;3', '1;1;1;1;1;0;1;1;1;0;1;1;0;0;1;0;1;0;1;1;1;0;0;1;0;0;0;1;0;1;1;0;0;1;1;0;1;1;0;1;1;0;', '2;2;2;2;1;2;5;2;13;2;13;10;10;10;3;10;3;7;3;3;3;3;3;3;3;3;3;3;3;3;3;3;3;3;3;3;3;3;3;3;3;3;'),
(123, 62, 11, '3;5', '1;1;1;1;1;1;1;1;1;0;1;1;0;0;0;0;1;0;1;1;1;0;0;1;0;0;0;1;0;1;1;0;0;1;1;0;1;1;0;1;1;0;', '2;2;2;2;1;4;2;2;13;2;13;10;10;10;9;2;3;7;3;3;3;3;3;3;3;3;3;3;3;3;3;3;3;3;3;3;3;3;3;3;3;3;'),
(124, 62, 12, '3;5', '1;1;1;1;1;1;1;1;1;1;1;1;0;0;0;0;0;0;1;1;1;0;0;1;0;0;0;1;0;1;1;0;0;1;1;0;1;1;0;1;1;0;', '2;2;2;2;1;4;2;2;2;15;13;10;10;2;9;2;3;7;3;3;3;3;3;3;3;3;3;3;3;3;3;3;3;3;3;3;3;3;3;3;3;3;'),
(135, 62, 13, '3;5', '1;1;1;1;1;1;1;1;1;1;1;1;0;0;0;0;0;0;1;0;1;0;0;1;0;0;0;1;0;1;1;0;0;1;1;0;1;1;0;1;1;0;', '2;2;2;2;1;4;2;2;2;15;13;10;13;2;9;2;3;2;3;1;3;3;3;3;3;3;3;3;3;3;3;3;3;3;3;3;3;3;1;2;3;3;'),
(136, 62, 14, '3;5', '1;1;1;1;1;1;1;1;1;1;1;1;0;0;0;0;0;0;0;0;1;0;0;1;0;0;0;1;0;1;1;0;0;1;1;0;1;1;0;1;1;0;', '2;2;2;2;1;4;2;2;2;15;13;10;13;2;9;2;2;2;3;1;3;3;3;3;3;3;3;3;3;3;3;3;3;3;3;3;3;3;1;2;3;3;'),
(137, 62, 15, '7;5', '1;1;1;1;1;1;1;1;1;1;1;1;0;0;0;0;0;0;0;0;0;0;0;1;0;0;0;1;0;1;1;0;0;1;1;0;1;1;0;1;1;0;', '2;2;2;2;1;4;2;2;2;15;13;2;3;2;9;2;2;2;3;1;4;2;3;3;3;3;3;3;3;3;3;3;3;3;3;3;3;3;1;2;3;3;'),
(138, 62, 16, '10;5', '1;1;1;1;1;1;1;1;1;1;1;1;0;0;0;0;0;0;0;0;0;0;0;0;0;0;0;1;0;1;1;0;0;1;1;0;1;1;0;1;1;0;', '4;2;2;2;1;4;2;2;2;15;13;2;1;2;9;2;2;2;3;1;4;2;3;5;2;3;3;3;3;3;3;3;3;3;3;3;3;3;1;2;3;3;'),
(139, 62, 17, '10;5', '1;1;1;1;1;1;1;1;1;1;1;1;1;0;0;0;0;0;0;0;0;0;0;0;0;0;0;1;0;1;1;0;0;1;1;0;1;1;0;1;1;0;', '4;2;2;2;1;4;2;2;2;15;13;2;1;2;9;2;2;2;3;1;4;2;3;5;2;3;3;1;2;3;3;3;3;3;3;3;3;3;1;2;3;3;'),
(140, 62, 18, '10;5', '1;1;1;1;1;1;1;1;1;1;1;1;1;0;0;0;0;0;0;0;0;0;0;0;0;0;0;1;0;1;1;0;0;1;1;0;1;1;0;1;0;0;', '2;2;2;2;1;4;2;2;2;15;13;2;1;2;10;2;2;2;3;1;4;2;3;5;2;3;3;1;2;3;3;3;2;3;3;3;3;3;1;2;2;2;'),
(141, 62, 19, '10;5', '1;1;1;1;1;1;1;1;1;1;1;1;1;0;0;0;0;0;0;0;0;0;0;0;0;0;0;1;0;1;1;0;0;1;1;0;1;1;0;0;0;0;', '2;2;2;2;1;4;2;2;2;15;13;2;1;2;10;2;2;2;3;1;4;2;3;5;2;3;3;1;2;3;3;3;1;3;3;3;3;3;1;1;2;2;'),
(142, 62, 20, '10;5', '1;1;1;1;1;1;1;1;1;1;1;1;1;0;0;0;0;0;0;0;0;0;0;0;0;0;0;1;0;1;1;0;1;1;1;0;1;0;0;0;0;0;', '2;2;2;2;1;4;2;2;2;15;13;2;1;2;10;2;2;2;3;1;4;2;3;5;2;3;3;1;2;3;3;3;5;2;3;3;3;4;1;2;2;2;'),
(143, 62, 21, '10;5', '1;1;1;1;1;1;1;1;1;1;1;1;1;0;0;0;0;0;0;0;0;0;0;0;0;0;0;1;0;1;1;0;1;1;1;0;1;0;0;0;0;0;', '2;2;2;2;1;4;2;2;2;15;13;2;1;2;10;2;2;2;3;1;4;2;3;5;2;3;2;1;2;4;3;3;5;2;7;3;3;4;1;2;2;2;'),
(148, 62, 21, '10;5', '1;1;1;1;1;1;1;1;1;1;1;1;1;0;0;0;0;0;0;0;0;0;0;0;0;0;0;0;0;1;1;0;1;1;1;0;1;0;0;0;0;0;', '2;2;2;2;1;4;2;2;2;15;13;2;1;2;10;2;2;2;3;1;4;2;3;5;2;3;2;11;2;4;3;3;5;2;7;3;3;4;1;2;2;2;'),
(149, 62, 22, '10;5', '1;1;1;1;1;1;1;1;1;1;1;1;1;0;0;0;0;0;0;0;0;0;0;0;0;0;0;1;0;1;1;0;1;1;1;0;1;0;0;0;0;0;', '2;5;2;2;1;4;2;2;2;15;13;2;1;4;18;2;2;2;3;1;4;2;3;5;2;3;2;1;2;4;3;3;5;2;7;3;3;4;1;2;2;2;'),
(151, 62, 22, '10;5', '1;1;1;1;1;1;1;1;1;1;1;1;1;0;0;0;0;0;0;0;0;0;0;0;0;0;0;1;0;1;1;0;1;1;1;0;1;0;0;0;0;0;', '2;2;2;2;1;4;2;2;2;15;13;2;1;4;18;2;2;2;3;1;4;2;3;5;2;3;2;1;2;9;3;3;5;2;7;3;3;4;1;2;2;2;'),
(152, 62, 23, '10;5', '1;1;1;1;1;1;1;1;1;1;1;1;1;0;0;0;0;0;0;0;0;0;0;0;0;0;0;1;0;1;1;0;1;1;1;0;1;0;0;0;0;0;', '7;5;2;2;1;4;2;2;2;15;13;2;1;4;18;2;2;2;3;1;4;2;3;5;2;3;12;1;2;4;3;3;5;2;7;3;3;4;1;2;2;2;'),
(153, 62, 24, '10;5', '1;1;1;1;1;1;1;1;1;1;1;1;1;0;0;0;0;0;0;0;0;0;0;0;0;0;0;1;0;1;1;0;1;1;1;0;1;0;0;0;0;0;', '12;5;2;2;1;4;2;2;2;15;13;2;1;14;18;2;2;2;3;1;4;2;3;5;2;3;12;1;2;4;3;3;5;2;7;3;3;4;1;2;2;2;'),
(154, 62, 25, '10;5', '1;1;1;1;1;1;1;1;1;1;1;1;1;0;0;0;0;0;0;0;0;0;0;0;0;0;0;1;0;1;1;0;1;1;1;0;1;0;0;0;0;0;', '2;5;2;2;1;4;2;2;2;15;13;2;1;14;18;2;2;2;3;1;4;2;3;5;2;3;12;1;2;4;3;2;10;2;7;3;3;4;1;2;2;2;'),
(155, 62, 26, '10;5', '1;1;1;1;1;1;1;1;1;1;1;1;1;0;0;0;0;0;0;0;0;0;0;0;0;0;0;1;0;1;1;0;1;1;1;0;1;0;0;0;0;0;', '2;5;2;2;1;4;2;2;2;15;13;2;1;2;18;2;2;24;3;1;4;2;3;5;2;3;12;1;2;4;3;2;10;2;7;3;8;4;1;2;2;2;'),
(156, 62, 27, '10;5', '1;1;1;1;1;1;1;1;1;1;1;1;1;0;0;0;0;0;0;0;0;0;0;0;0;0;0;1;0;1;1;0;1;1;1;0;1;0;0;0;0;0;', '2;5;2;2;1;4;2;2;2;15;13;2;1;2;18;2;2;2;3;33;4;2;3;5;2;3;12;1;2;4;3;2;10;2;7;3;13;4;1;2;2;2;'),
(157, 62, 28, '10;5', '1;1;1;1;1;1;1;1;1;1;1;1;1;0;0;0;0;0;0;0;0;0;0;0;0;0;0;1;0;1;1;0;1;1;1;0;1;0;0;0;0;0;', '7;5;2;2;1;4;2;2;2;15;13;2;1;2;18;2;2;2;3;2;4;2;3;5;2;3;12;1;2;4;3;2;10;2;7;3;13;4;1;2;2;2;'),
(158, 62, 29, '10;5', '1;1;1;1;1;1;1;1;1;1;1;1;1;0;0;0;0;0;0;0;0;0;0;0;0;0;0;1;0;1;1;0;1;1;1;0;1;0;0;0;0;0;', '7;5;2;2;1;4;2;2;2;15;13;2;1;2;18;2;2;2;3;2;4;2;3;5;2;3;7;1;2;4;3;2;10;2;7;3;18;4;1;2;2;2;'),
(159, 62, 30, '10;5', '1;1;1;1;1;1;1;1;1;1;1;1;1;0;0;0;0;0;0;0;0;0;0;0;0;0;0;1;0;1;1;1;1;1;1;0;1;0;0;0;0;0;', '8;5;2;2;1;4;2;1;2;15;13;2;1;3;2;2;2;2;3;2;4;2;3;5;2;3;7;1;2;4;3;8;2;2;7;3;18;4;1;2;2;2;'),
(160, 62, 31, '10;5', '1;1;1;1;1;1;1;1;1;1;1;1;1;0;0;0;0;0;0;0;0;0;0;0;0;0;0;1;0;1;1;1;1;1;1;0;1;0;0;0;0;0;', '8;5;2;2;1;4;2;1;2;15;13;7;1;3;2;2;2;2;3;2;4;2;3;5;2;3;2;1;2;4;3;8;2;2;7;3;18;4;1;2;2;2;'),
(161, 62, 32, '10;5', '1;1;1;1;1;1;1;1;1;1;1;1;1;0;0;0;0;0;0;0;0;0;0;0;0;0;0;1;0;1;1;1;1;1;1;0;1;0;0;0;0;0;', '13;5;2;2;1;4;2;1;2;15;13;7;1;3;2;2;2;2;3;2;4;2;3;5;2;3;2;1;2;4;3;8;2;2;7;3;18;4;1;2;2;2;'),
(162, 62, 33, '10;5', '1;1;1;1;1;1;1;1;1;1;1;1;1;0;0;0;0;0;0;0;0;0;0;0;0;0;0;1;0;1;1;1;1;1;1;0;1;0;0;0;0;0;', '18;5;2;2;1;4;2;1;2;15;13;7;1;3;2;2;2;2;3;2;4;2;3;5;2;3;2;1;2;4;3;8;2;2;7;3;18;4;1;2;2;2;'),
(163, 62, 34, '10;5', '1;1;1;1;1;1;1;1;1;1;1;1;1;0;0;0;0;0;0;0;0;0;0;0;0;0;0;1;0;1;1;1;1;1;1;0;1;0;0;0;0;0;', '19;5;2;2;1;4;2;1;2;15;13;7;1;3;2;2;2;2;3;2;4;2;3;5;2;3;2;2;2;4;3;8;2;2;7;3;18;4;1;2;2;2;'),
(164, 62, 35, '10;5', '1;1;1;1;1;1;1;1;1;1;1;1;1;0;0;0;0;0;0;0;0;0;0;0;0;0;0;1;0;1;1;1;1;1;1;0;1;0;0;0;0;0;', '24;5;2;2;1;4;2;1;2;15;13;7;1;3;2;2;2;2;3;2;4;2;3;5;2;3;2;1;2;4;3;8;2;2;7;3;18;4;1;2;2;2;'),
(165, 62, 36, '10;5', '1;1;1;1;1;1;1;1;1;1;1;1;1;0;0;0;0;0;0;0;0;0;0;0;0;0;0;1;0;1;1;1;1;1;1;0;1;0;0;0;0;0;', '29;5;2;2;1;4;2;1;2;15;13;7;1;3;2;2;2;2;3;2;4;2;3;5;2;3;2;1;2;4;3;8;2;2;7;3;18;4;1;2;2;2;'),
(166, 62, 37, '6;5', '1;1;1;1;1;1;1;1;1;1;1;1;1;0;0;0;0;0;1;0;0;0;0;0;0;0;0;1;0;1;0;1;1;1;1;0;1;0;0;0;0;0;', '34;5;2;2;1;4;2;1;2;15;13;7;1;6;2;2;2;2;4;2;4;2;3;5;2;3;2;1;2;4;8;2;2;2;7;3;18;4;1;2;2;2;'),
(167, 62, 38, '6;5', '1;1;1;1;1;1;1;1;1;1;1;1;1;0;0;0;0;0;1;0;0;0;0;0;0;0;0;1;0;1;0;1;1;1;1;0;1;0;0;0;0;0;', '34;5;2;2;1;4;2;1;2;15;13;7;1;6;2;2;2;2;4;2;4;2;3;5;2;3;2;1;2;1;2;2;7;2;7;3;18;4;1;2;2;2;'),
(168, 62, 39, '6;5', '1;1;1;1;1;1;1;1;1;1;1;1;1;0;0;0;0;0;1;0;0;0;0;0;0;0;0;1;0;1;0;1;1;1;1;0;1;0;0;0;0;0;', '39;5;2;2;1;4;2;1;2;15;13;7;1;6;2;2;2;2;4;2;4;2;3;5;2;3;2;1;2;1;2;2;7;2;7;3;18;4;1;2;2;2;'),
(169, 62, 40, '6;5', '1;1;1;1;1;1;1;1;1;1;1;1;1;0;0;0;0;0;1;0;0;0;0;0;0;0;0;1;0;1;0;1;1;1;1;0;1;0;0;0;0;0;', '44;5;2;2;1;4;2;1;2;15;13;7;1;6;2;2;2;2;3;2;4;2;3;5;2;3;2;1;2;1;2;2;7;2;7;3;18;4;1;2;2;2;'),
(204, 62, 41, '6;5', '1;1;1;1;1;1;1;1;1;1;1;1;1;0;0;0;0;0;1;0;0;0;0;0;0;0;0;1;0;1;0;1;1;1;1;0;1;0;0;0;0;0;', '49;5;2;2;1;4;2;1;2;15;13;7;1;6;2;2;2;2;3;2;4;2;3;5;2;3;2;1;2;1;2;2;7;2;5;2;18;4;1;2;2;2;'),
(205, 62, 42, '6;5', '1;1;1;1;1;1;1;1;1;1;1;1;1;0;0;0;0;0;1;0;0;0;0;0;0;0;0;1;0;1;1;1;1;1;1;0;1;0;0;0;0;0;', '49;5;2;2;1;4;2;1;2;15;13;7;1;2;12;2;2;2;2;2;4;2;3;5;2;3;2;1;2;1;5;2;7;2;5;2;18;4;1;2;2;2;'),
(206, 62, 43, '6;5', '1;1;1;1;1;1;1;1;1;1;1;1;1;0;0;0;0;0;1;0;0;0;0;0;0;0;0;1;0;1;1;1;1;1;1;0;1;0;0;0;0;0;', '49;5;2;2;1;4;2;1;2;15;13;7;1;8;12;2;1;1;2;2;4;2;3;5;2;3;2;1;2;1;5;2;7;2;5;2;18;4;1;2;2;2;'),
(210, 62, 44, '6;3', '1;1;1;1;1;1;1;0;1;1;1;1;1;0;0;0;0;0;1;0;0;0;0;0;0;0;0;1;0;1;1;1;1;1;1;0;1;0;0;0;0;0;', '2;57;2;2;1;4;2;1;2;15;13;7;1;9;2;2;1;1;2;2;4;2;3;5;2;3;2;1;2;1;5;2;7;2;5;2;18;4;1;2;2;2;');

/*!40101 SET CHARACTER_SET_CLIENT=@OLD_CHARACTER_SET_CLIENT */;
/*!40101 SET CHARACTER_SET_RESULTS=@OLD_CHARACTER_SET_RESULTS */;
/*!40101 SET COLLATION_CONNECTION=@OLD_COLLATION_CONNECTION */;
